City_ID,City,Country,Lat,Lng,Max Temp,Humidity,Cloudiness,Wind Speed,Current Description
0,Vaini,TO,-21.2,-175.2,80.6,65,20,6.91,few clouds
1,Jacareacanga,BR,-6.2222,-57.7528,72.16,99,100,1.92,moderate rain
2,Cidreira,BR,-30.1811,-50.2056,70.09,85,100,7.72,overcast clouds
3,Jawhar,SO,2.7809,45.5005,79.29,74,12,5.39,few clouds
4,Ribas Do Rio Pardo,BR,-20.4431,-53.7592,72.86,67,51,4.83,broken clouds
5,Kapaa,US,22.0752,-159.319,75.2,60,40,12.66,scattered clouds
6,Bathsheba,BB,13.2167,-59.5167,78.8,65,40,19.57,scattered clouds
7,Mataura,NZ,-46.1927,168.8643,60.01,73,70,7.0,broken clouds
8,Nikolskoye,RU,59.7035,30.7861,44.6,42,0,8.95,clear sky
9,Port Hardy,CA,50.6996,-127.4199,66.2,45,1,8.05,clear sky
10,Hasaki,JP,35.7333,140.8333,68.0,34,20,18.41,few clouds
11,Hilo,US,19.7297,-155.09,80.6,54,75,6.91,broken clouds
12,Kruisfontein,ZA,-34.0033,24.7314,62.8,27,0,5.99,clear sky
13,Barrow,US,71.2906,-156.7887,32.0,80,1,14.97,clear sky
14,Coquimbo,CL,-29.9533,-71.3436,59.0,82,90,2.3,overcast clouds
15,Ushuaia,AR,-54.8,-68.3,51.8,58,40,10.36,scattered clouds
16,Punta Arenas,CL,-53.15,-70.9167,53.01,76,75,6.91,broken clouds
17,Narsaq,GL,60.9167,-46.05,23.0,50,20,2.3,few clouds
18,Bagaha,IN,27.1,84.0833,77.59,35,52,8.1,broken clouds
19,Albany,US,42.6001,-73.9662,45.0,75,89,2.84,overcast clouds
20,Hermanus,ZA,-34.4187,19.2345,69.01,36,0,1.01,clear sky
21,Tasiilaq,GL,65.6145,-37.6368,23.0,86,90,2.51,light snow
22,Kodiak,US,57.79,-152.4072,42.8,81,90,4.61,light rain
23,Cape Town,ZA,-33.9258,18.4232,69.01,82,0,6.91,clear sky
24,Busselton,AU,-33.65,115.3333,64.0,74,0,1.99,clear sky
25,Ucluelet,CA,48.9329,-125.5528,64.4,45,1,5.75,clear sky
26,Serta,PT,39.8085,-8.0988,57.0,72,100,2.59,overcast clouds
27,Yauya,PE,-8.9833,-77.3,50.45,81,100,5.01,light rain
28,Hithadhoo,MV,-0.6,73.0833,81.91,63,99,4.29,overcast clouds
29,Zhigalovo,RU,54.8097,105.1578,23.16,64,26,6.6,scattered clouds
30,Rikitea,PF,-23.1203,-134.9692,77.4,68,50,5.35,scattered clouds
31,Ribeira Grande,PT,38.5167,-28.7,62.08,90,24,13.13,few clouds
32,Mount Gambier,AU,-37.8333,140.7667,59.0,88,75,11.5,broken clouds
33,Mahebourg,MU,-20.4081,57.7,75.2,94,40,6.91,light rain
34,Pteleos,GR,39.05,22.95,53.6,87,90,2.55,overcast clouds
35,Qaanaaq,GL,77.484,-69.3632,-1.84,97,100,6.35,overcast clouds
36,Kerouane,GN,9.2667,-9.0167,72.41,74,100,1.97,overcast clouds
37,Bredasdorp,ZA,-34.5322,20.0403,46.4,93,0,4.61,clear sky
38,Hammerfest,NO,70.6634,23.6821,33.8,93,41,2.3,scattered clouds
39,Ilulissat,GL,69.2167,-51.1,8.6,61,75,14.97,broken clouds
40,Avarua,CK,-21.2078,-159.775,84.2,65,40,8.05,light rain
41,Leningradskiy,RU,69.3833,178.4167,34.97,83,100,8.68,overcast clouds
42,Atuona,PF,-9.8,-139.0333,80.73,73,64,19.73,broken clouds
43,Tombouctou,ML,20.0,-3.0,80.15,17,5,8.23,clear sky
44,Roald,NO,62.5833,6.1333,41.0,56,0,10.36,clear sky
45,Borova,UA,50.1763,30.1043,41.0,100,75,4.47,mist
46,Clyde River,CA,70.4692,-68.5914,6.8,85,90,12.66,overcast clouds
47,Piranshahr,IR,36.701,45.1413,52.57,58,10,4.0,clear sky
48,Mount Isa,AU,-20.7333,139.5,78.8,29,0,14.97,clear sky
49,Ahipara,NZ,-35.1667,173.1667,62.58,57,100,7.18,overcast clouds
50,Kaitangata,NZ,-46.2817,169.8464,59.0,63,48,4.0,scattered clouds
51,Carnarvon,AU,-24.8667,113.6333,78.57,46,43,2.8,scattered clouds
52,Nantucket,US,41.2835,-70.0995,42.8,75,90,5.75,overcast clouds
53,Zhireken,RU,52.8249,117.3076,50.32,33,59,5.59,broken clouds
54,Ola,RU,59.5833,151.2833,29.82,86,100,5.82,overcast clouds
55,Pringsewu,ID,-5.3582,104.9744,76.87,89,48,2.28,scattered clouds
56,Chuy,UY,-33.6971,-53.4616,63.93,90,56,5.7,broken clouds
57,Bambous Virieux,MU,-20.3428,57.7575,75.99,94,75,5.75,broken clouds
58,Adeje,ES,28.1227,-16.726,68.0,63,40,12.66,scattered clouds
59,Katsuura,JP,35.1333,140.3,66.0,39,0,11.99,clear sky
60,Qasigiannguit,GL,68.8193,-51.1922,8.6,61,75,14.97,broken clouds
61,Visnes,NO,59.3556,5.2242,37.4,93,8,3.44,clear sky
62,Labuhan,ID,-6.8844,112.2051,80.62,78,93,3.29,overcast clouds
63,Semnan,IR,35.5729,53.3971,61.5,32,96,3.0,overcast clouds
64,Castro,BR,-24.7911,-50.0119,57.67,94,10,2.75,clear sky
65,Tiksi,RU,71.6872,128.8694,7.56,85,100,9.46,overcast clouds
66,Sovetskiy,RU,61.3614,63.5842,18.43,77,100,13.11,overcast clouds
67,Sao Filipe,CV,14.8961,-24.4956,71.67,73,0,9.84,clear sky
68,Jamestown,US,42.097,-79.2353,41.0,75,90,4.61,overcast clouds
69,Lorengau,PG,-2.0226,147.2712,83.7,69,94,8.99,overcast clouds
70,Puerto Colombia,CO,10.9878,-74.9547,80.6,83,0,6.91,clear sky
71,Taybad,IR,34.74,60.7756,57.94,51,10,8.48,clear sky
72,Teguise,ES,29.0605,-13.564,66.2,68,40,14.97,scattered clouds
73,Kavaratti,IN,10.5669,72.642,83.88,68,3,5.73,clear sky
74,Beringovskiy,RU,63.05,179.3167,32.58,98,100,11.32,light snow
75,Dikson,RU,73.5069,80.5464,-13.52,99,35,2.66,scattered clouds
76,Dzaoudzi,YT,-12.7887,45.2699,82.4,78,75,17.27,broken clouds
77,Boffa,GN,10.1667,-14.0333,78.48,82,100,2.91,overcast clouds
78,Saldanha,ZA,-33.0117,17.9442,64.4,36,0,8.99,clear sky
79,Rocha,UY,-34.4833,-54.3333,58.95,94,85,3.56,overcast clouds
80,Balkanabat,TM,39.5108,54.3671,68.83,34,0,5.1,clear sky
81,Bonthe,SL,7.5264,-12.505,78.66,83,99,2.17,overcast clouds
82,Hamilton,US,39.1834,-84.5333,48.99,76,20,4.61,few clouds
83,Saint-Philippe,RE,-21.3585,55.7679,75.2,83,90,8.05,overcast clouds
84,Jizan,SA,17.3333,42.6667,84.2,79,20,10.36,few clouds
85,Mareeba,AU,-17.0,145.4333,84.2,65,90,12.66,overcast clouds
86,Te Anau,NZ,-45.4167,167.7167,55.89,80,84,6.62,moderate rain
87,Nago,JP,26.5881,127.9761,68.0,49,1,18.41,clear sky
88,Lompoc,US,34.6391,-120.4579,55.4,71,10,14.97,clear sky
89,Brownfield,US,33.1812,-102.2744,52.0,43,1,6.91,clear sky
90,Broome,US,42.2506,-75.833,45.0,75,90,5.75,overcast clouds
91,Eirunepe,BR,-6.6603,-69.8736,73.96,93,100,1.97,overcast clouds
92,Hobart,AU,-42.8794,147.3294,63.0,51,75,19.57,light rain
93,Bang Saphan,TH,11.2126,99.5117,84.0,100,20,2.3,few clouds
94,Agua Branca,BR,-5.8922,-42.6361,73.09,87,98,2.84,overcast clouds
95,Khanpur,PK,28.6453,70.6567,75.61,32,29,6.08,scattered clouds
96,Goderich,CA,43.7501,-81.7165,42.8,81,20,3.44,few clouds
97,Saint George,US,37.1041,-113.5841,64.99,19,1,14.97,clear sky
98,Pevek,RU,69.7008,170.3133,25.99,86,7,17.16,clear sky
99,Airai,TL,-8.9266,125.4092,70.83,58,58,3.0,broken clouds
100,Sao Tome,ST,0.3365,6.7273,81.77,80,100,3.58,overcast clouds
101,Asahikawa,JP,43.7678,142.3703,44.6,93,75,4.61,moderate rain
102,Nova Olimpia,BR,-14.7972,-57.2881,73.87,89,44,4.63,scattered clouds
103,Sur,OM,22.5667,59.5289,81.97,49,42,4.34,scattered clouds
104,Nome,US,64.5011,-165.4064,33.8,75,1,9.22,clear sky
105,Butaritari,KI,3.0707,172.7902,82.29,77,98,9.04,light rain
106,Esperance,AU,-33.8667,121.9,64.4,63,0,13.8,clear sky
107,Chokurdakh,RU,70.6333,147.9167,17.91,84,100,5.73,overcast clouds
108,Harnosand,SE,62.6323,17.9379,32.0,74,6,6.91,clear sky
109,Port Lincoln,AU,-34.7333,135.8667,64.06,53,6,5.1,clear sky
110,San Quintin,MX,30.4833,-115.95,60.24,71,0,14.34,clear sky
111,Ponta Do Sol,PT,32.6667,-17.1,57.99,71,70,1.99,broken clouds
112,Suwalki,PL,54.1118,22.9309,42.96,90,100,5.59,overcast clouds
113,Develi,TR,38.3906,35.4922,59.0,58,75,1.14,broken clouds
114,Gamba,GA,-2.65,10.0,78.6,89,100,4.63,overcast clouds
115,Lebu,CL,-37.6167,-73.65,55.15,91,100,2.26,light rain
116,Hami,CN,42.8,93.45,63.46,14,100,11.72,overcast clouds
117,Maniitsoq,GL,65.4167,-52.9,6.35,75,17,14.79,few clouds
118,Vardo,NO,70.3705,31.1107,34.63,89,46,10.47,scattered clouds
119,Havre-Saint-Pierre,CA,50.2334,-63.5986,28.4,86,1,6.91,clear sky
120,Dunedin,NZ,-45.8742,170.5036,60.01,58,100,5.99,overcast clouds
121,Zhangye,CN,38.9342,100.4517,56.91,15,100,2.98,overcast clouds
122,Saint-Pierre,RE,-21.3393,55.4781,73.4,83,90,8.05,light rain
123,Lethem,GY,3.3803,-59.7968,79.52,67,28,9.82,scattered clouds
124,Chapais,CA,49.7834,-74.8492,46.4,46,75,3.44,broken clouds
125,Ozuluama,MX,21.6667,-97.85,68.77,78,100,17.25,overcast clouds
126,Guerrero Negro,MX,27.9769,-114.0611,61.54,71,0,21.0,clear sky
127,Ohara,JP,35.25,140.3833,66.2,34,20,18.41,few clouds
128,Tuatapere,NZ,-46.1333,167.6833,59.0,73,62,8.01,broken clouds
129,Tyrma,RU,50.0833,132.1667,46.47,65,56,2.55,broken clouds
130,Thompson,CA,55.7435,-97.8558,28.4,69,90,13.8,light snow
131,Saskylakh,RU,71.9167,114.0833,7.92,92,100,12.8,overcast clouds
132,Quatre Cocos,MU,-20.2078,57.7625,75.99,94,40,6.91,scattered clouds
133,Padang,ID,-0.9492,100.3543,75.2,94,20,1.14,few clouds
134,Chicama,PE,-7.8447,-79.1469,66.2,88,75,9.22,broken clouds
135,Sangar,RU,63.9242,127.4739,16.68,85,100,8.48,light snow
136,Kushima,JP,31.4583,131.2333,57.2,38,40,17.27,scattered clouds
137,Stornoway,GB,58.2093,-6.3865,45.0,87,75,21.85,broken clouds
138,Manta,EC,-0.95,-80.7333,77.0,83,75,9.22,broken clouds
139,Alpine,US,32.835,-116.7664,71.01,56,1,9.22,clear sky
140,Durant,US,33.994,-96.3708,55.4,58,75,8.05,broken clouds
141,Gizo,SB,-8.103,156.8419,84.15,73,100,4.41,light rain
142,Vuktyl,RU,63.8567,57.3094,20.98,81,82,11.32,broken clouds
143,Taborfalva,HU,47.0994,19.4784,42.8,81,0,4.61,clear sky
144,Gambela,ET,8.25,34.5833,81.99,41,83,2.51,broken clouds
145,Zabaykalsk,RU,49.6333,117.3167,50.07,32,0,6.38,clear sky
146,Pryazha,RU,61.6926,33.6216,28.4,80,9,2.24,clear sky
147,Bethel,US,41.3712,-73.414,48.2,57,90,2.77,overcast clouds
148,Igualada,ES,41.581,1.6172,41.0,89,13,3.0,few clouds
149,Chokwe,MZ,-24.5333,32.9833,58.98,79,0,3.56,clear sky
150,Aksha,RU,50.2814,113.2867,51.03,39,100,17.49,overcast clouds
151,Dakar,SN,14.6937,-17.4441,68.0,88,0,9.22,clear sky
152,New Norfolk,AU,-42.7826,147.0587,63.0,76,100,5.99,light rain
153,Santa Barbara,US,34.7333,-120.0343,71.01,59,1,10.36,clear sky
154,Cabo San Lucas,MX,22.8909,-109.9124,78.8,41,1,4.61,clear sky
155,Half Moon Bay,US,37.4636,-122.4286,64.0,93,75,12.66,mist
156,Springbok,ZA,-29.6643,17.8865,71.55,24,6,7.36,clear sky
157,Belaya Gora,RU,68.5333,146.4167,24.58,74,2,15.64,clear sky
158,Saint-Joseph,RE,-21.3667,55.6167,73.4,88,90,8.05,overcast clouds
159,Adrar,MR,20.5022,-10.0711,72.12,21,0,10.22,clear sky
160,Kaoma,ZM,-14.7833,24.8,59.54,70,100,7.56,overcast clouds
161,Renqiu,CN,38.6989,116.0936,59.54,19,0,7.38,clear sky
162,Inirida,CO,3.8653,-67.9239,74.55,95,100,2.51,overcast clouds
163,La Ronge,CA,55.1001,-105.2842,41.0,56,100,13.8,overcast clouds
164,Ternate,ID,0.8,127.4,83.12,73,44,6.76,scattered clouds
165,Namatanai,PG,-3.6667,152.4333,85.05,69,82,13.8,broken clouds
166,Oban,GB,56.4127,-5.4706,46.99,66,100,1.01,heavy intensity rain
167,Longyearbyen,SJ,78.2186,15.6401,32.0,69,75,3.44,broken clouds
168,Georgetown,MY,5.4112,100.3354,84.2,83,20,2.3,few clouds
169,Lossiemouth,GB,57.7214,-3.2834,44.01,70,0,8.05,clear sky
170,Touros,BR,-5.1989,-35.4608,77.0,94,40,3.44,scattered clouds
171,Gonen,TR,40.1049,27.654,54.0,93,75,6.91,broken clouds
172,Lima,PE,-12.0432,-77.0282,68.0,77,0,11.5,clear sky
173,Makubetsu,JP,45.3714,141.8211,44.6,93,75,21.85,light rain
174,Bantry,IE,51.6833,-9.45,44.6,100,75,8.05,broken clouds
175,Vila Velha,BR,-20.3297,-40.2925,77.0,94,90,2.3,overcast clouds
176,Severo-Kurilsk,RU,50.6789,156.125,38.57,60,100,9.98,overcast clouds
177,Ayagoz,KZ,47.9714,80.4392,44.78,76,6,5.41,clear sky
178,Bluff,NZ,-46.6,168.3333,60.01,73,90,7.0,overcast clouds
179,Kavieng,PG,-2.5744,150.7967,83.53,73,81,9.98,light rain
180,Upernavik,GL,72.7868,-56.1549,4.17,88,100,8.12,overcast clouds
181,Guatire,VE,10.4762,-66.5427,82.4,78,40,5.75,scattered clouds
182,Billings,US,45.7833,-108.5007,62.01,18,40,4.61,scattered clouds
183,Amga,RU,60.8953,131.9608,28.04,78,100,3.8,overcast clouds
184,Arroyo,ES,41.6096,-4.7969,37.0,80,0,11.5,clear sky
185,Kolaras,IN,25.2333,77.6,77.22,33,0,6.22,clear sky
186,Luang Prabang,LA,19.8856,102.1347,75.2,94,75,0.92,mist
187,East London,ZA,-33.0153,27.9116,62.67,54,11,9.17,few clouds
188,Port Alfred,ZA,-33.5906,26.891,65.59,51,6,10.87,clear sky
189,Sept-Iles,CA,50.2001,-66.3821,32.0,80,20,6.91,few clouds
190,Tete,MZ,-16.1564,33.5867,69.8,73,75,5.75,broken clouds
191,Port Elizabeth,ZA,-33.918,25.5701,53.6,94,0,5.75,clear sky
192,Palu,ID,-0.8917,119.8707,82.35,77,100,2.53,overcast clouds
193,Nouadhibou,MR,20.931,-17.0347,65.05,83,0,21.5,clear sky
194,Isangel,VU,-19.55,169.2667,82.4,83,75,3.44,broken clouds
195,Vrangel,RU,42.7297,133.0839,48.56,51,100,16.28,overcast clouds
196,Kununurra,AU,-15.7667,128.7333,82.4,24,19,13.8,few clouds
197,Hambantota,LK,6.1241,81.1185,77.0,100,40,3.44,scattered clouds
198,Naze,JP,28.3667,129.4833,66.2,48,40,17.27,scattered clouds
199,Halifax,CA,44.6453,-63.5724,39.99,100,100,12.66,moderate rain
200,Langfang,CN,39.5097,116.6947,59.0,26,0,4.47,clear sky
201,Norman Wells,CA,65.282,-126.8329,50.0,34,20,10.36,few clouds
202,Buraydah,SA,26.326,43.975,68.0,52,0,6.91,clear sky
203,Pisco,PE,-13.7,-76.2167,68.0,83,0,13.8,clear sky
204,Ust-Kuyga,RU,70.0167,135.6,17.37,87,100,6.69,light snow
205,Ulsteinvik,NO,62.3432,5.8487,41.0,56,1,10.36,clear sky
206,Constitucion,CL,-35.3333,-72.4167,55.8,87,100,3.98,overcast clouds
207,Skreia,NO,60.65,10.9333,34.0,74,0,4.61,clear sky
208,Kortkeros,RU,61.8106,51.5806,28.4,74,75,13.42,broken clouds
209,Iqaluit,CA,63.7506,-68.5145,14.0,73,75,2.3,broken clouds
210,Takhatgarh,IN,25.3333,73.0,77.59,38,0,4.0,clear sky
211,Faya,SA,18.3851,42.4509,53.6,82,20,5.75,few clouds
212,Puerto Ayora,EC,-0.7393,-90.3518,75.99,98,29,3.0,light rain
213,Atambua,ID,-9.1061,124.8925,80.38,65,74,2.77,broken clouds
214,Trairi,BR,-3.2778,-39.2689,75.76,92,20,6.44,few clouds
215,Ca Mau,VN,9.1769,105.15,84.87,66,100,2.59,overcast clouds
216,Zadar,HR,44.1197,15.2422,46.4,57,20,10.36,few clouds
217,Oistins,BB,13.0667,-59.5333,78.8,65,20,18.41,few clouds
218,Karakol,KG,42.4907,78.3936,44.31,51,100,3.78,overcast clouds
219,Knysna,ZA,-34.0363,23.0471,55.4,71,0,2.3,clear sky
220,Liverpool,GB,53.4106,-2.9779,44.01,68,100,1.32,overcast clouds
221,Srednekolymsk,RU,67.45,153.6833,32.58,76,17,20.36,few clouds
222,Dzhebariki-Khaya,RU,62.2167,135.8,28.89,77,100,7.94,overcast clouds
223,Gannan,CN,47.9147,123.5031,51.76,27,0,10.89,clear sky
224,Dingle,PH,10.9995,122.6711,84.15,60,100,15.79,light rain
225,Acapulco,MX,16.8634,-99.8901,80.6,74,20,8.05,few clouds
226,Pauini,BR,-7.7136,-66.9764,73.38,97,100,2.39,overcast clouds
227,Kulhudhuffushi,MV,6.6221,73.07,83.68,71,100,6.44,overcast clouds
228,Urumqi,CN,43.801,87.6005,59.0,41,75,4.47,broken clouds
229,Walvis Bay,NA,-22.9575,14.5053,87.8,27,100,13.8,overcast clouds
230,Baykit,RU,61.67,96.37,19.15,89,100,6.49,light snow
231,Alofi,NU,-19.0595,-169.9187,82.4,69,7,6.91,clear sky
232,San Patricio,US,28.017,-97.5169,64.4,72,90,9.22,overcast clouds
233,Xunchang,CN,28.4543,104.715,59.27,96,100,0.54,overcast clouds
234,Puerto Ayacucho,VE,5.6639,-67.6236,77.77,84,75,4.7,broken clouds
235,Nadrag,RO,45.65,22.1833,43.0,93,100,5.75,light rain
236,Togur,RU,58.3631,82.8265,32.4,83,100,12.68,light snow
237,Poronaysk,RU,49.2167,143.1167,34.57,97,100,5.77,overcast clouds
238,Xapuri,BR,-10.6517,-68.5044,74.23,96,100,2.68,overcast clouds
239,Argelia,CO,2.2556,-77.2488,65.46,96,100,1.05,light rain
240,Moose Factory,CA,51.2585,-80.6094,28.4,93,90,2.3,overcast clouds
241,Atbasar,KZ,51.8,68.3333,42.64,86,7,6.67,clear sky
242,La Sarre,CA,48.8002,-79.1996,39.09,82,100,6.17,overcast clouds
243,North Platte,US,41.1239,-100.7654,44.6,57,20,9.22,few clouds
244,Ostrovnoy,RU,68.0531,39.5131,28.26,80,100,7.27,overcast clouds
245,Laguna,US,38.421,-121.4238,86.0,8,1,18.41,clear sky
246,Ribeira Brava,PT,32.65,-17.0667,57.99,88,67,3.0,broken clouds
247,Berekum,GH,7.4534,-2.584,73.72,87,93,3.22,light rain
248,Victoria,HK,22.2855,114.1577,77.0,53,55,1.99,broken clouds
249,Upata,VE,8.0086,-62.3989,81.0,76,99,7.0,overcast clouds
250,Nemuro,JP,43.3236,145.575,41.0,100,75,12.66,moderate rain
251,Kwale,NG,5.7063,6.4374,77.59,91,100,1.41,light rain
252,Aykhal,RU,66.0,111.5,1.9,95,100,20.33,overcast clouds
253,Emerald,AU,-23.5333,148.1667,75.99,46,0,10.36,clear sky
254,Fortuna,US,40.5982,-124.1573,59.0,87,1,10.36,clear sky
255,Xining,CN,36.6167,101.7667,44.96,36,0,2.15,clear sky
256,Cajazeiras,BR,-6.8903,-38.5553,74.68,75,100,1.72,light rain
257,Lagoa,PT,39.05,-27.9833,60.89,91,13,18.41,few clouds
258,Talnakh,RU,69.4865,88.3972,-15.74,93,50,0.85,scattered clouds
259,Itabuna,BR,-14.7856,-39.2803,77.0,94,75,3.44,broken clouds
260,Pizhma,RU,57.8642,47.1171,32.95,93,8,4.27,clear sky
261,Yashkul,RU,46.1711,45.3435,53.35,74,100,4.81,overcast clouds
262,Arrecife,ES,28.963,-13.5477,66.2,68,40,14.97,scattered clouds
263,Mar Del Plata,AR,-38.0023,-57.5575,66.99,100,90,4.61,light rain
264,Tuktoyaktuk,CA,69.4541,-133.0374,26.6,86,75,10.36,broken clouds
265,Avera,US,33.194,-82.5271,68.0,56,75,3.44,broken clouds
266,Dryden,CA,49.7833,-92.7503,48.2,37,40,5.75,scattered clouds
267,San Andres,CO,12.5847,-81.7006,82.4,83,40,9.22,scattered clouds
268,Sal Rei,CV,16.1833,-22.9167,69.8,78,75,14.97,broken clouds
269,Torbay,CA,47.6666,-52.7314,35.01,100,90,20.71,overcast clouds
270,Ambilobe,MG,-13.2,49.05,72.32,96,71,3.69,broken clouds
271,Byron Bay,AU,-28.65,153.6167,68.0,68,75,13.8,broken clouds
272,Yellowknife,CA,62.456,-114.3525,34.0,74,75,11.52,light snow
273,Nanortalik,GL,60.1432,-45.2371,25.45,56,0,27.87,clear sky
274,Namibe,AO,-15.1961,12.1522,82.15,65,0,1.74,clear sky
275,Zhigansk,RU,66.7697,123.3711,15.13,88,100,12.88,overcast clouds
276,Ishigaki,JP,24.3448,124.1572,71.6,60,20,26.46,few clouds
277,Zyryanka,RU,65.75,150.85,34.54,79,100,17.02,overcast clouds
278,Nicoya,CR,10.1483,-85.452,73.4,100,75,4.61,broken clouds
279,Arraial Do Cabo,BR,-22.9661,-42.0278,75.2,83,40,13.8,scattered clouds
280,Khipro,PK,25.8285,69.3772,81.68,32,5,7.56,clear sky
281,Mehamn,NO,71.0357,27.8492,34.56,81,68,11.39,broken clouds
282,Abnub,EG,27.2696,31.1511,73.4,33,0,3.44,clear sky
283,Khatanga,RU,71.9667,102.5,-0.09,92,100,13.13,overcast clouds
284,Aklavik,CA,68.2191,-135.0107,44.6,45,100,8.05,overcast clouds
285,Kapit,MY,2.0167,112.9333,73.29,99,100,1.39,overcast clouds
286,Mahajanga,MG,-15.7167,46.3167,75.2,88,20,6.91,light rain
287,Asau,RO,46.4333,26.4,39.99,56,49,3.29,scattered clouds
288,Hay River,CA,60.8156,-115.7999,44.6,39,100,6.91,overcast clouds
289,Brooks,CA,50.5834,-111.8851,66.2,18,100,13.8,overcast clouds
290,Gobabis,NA,-22.45,18.9667,59.29,65,33,12.64,scattered clouds
291,Cherskiy,RU,68.75,161.3,27.61,71,100,27.67,overcast clouds
292,Langwedel,DE,52.9667,9.2167,44.6,70,0,5.75,clear sky
293,Lodwar,KE,3.1191,35.5973,83.59,51,100,12.24,overcast clouds
294,Harper,LR,4.375,-7.7169,77.5,86,97,5.5,overcast clouds
295,Bereda,ES,43.2686,-7.5406,30.99,99,27,1.01,scattered clouds
296,Belmonte,BR,-15.8631,-38.8828,73.4,83,0,3.44,clear sky
297,Nosy Varika,MG,-20.5833,48.5333,70.09,79,100,10.42,light rain
298,Jalu,LY,29.0331,21.5482,78.78,24,17,10.92,few clouds
299,Faanui,PF,-16.4833,-151.75,82.06,73,62,7.78,broken clouds
300,Yabassi,CM,4.457,9.9682,73.02,95,100,7.18,heavy intensity rain
301,Le Mars,US,42.7942,-96.1656,50.0,53,90,6.87,overcast clouds
302,Muros,ES,42.7762,-9.0603,50.0,77,100,6.22,overcast clouds
303,Kroya,ID,-7.6331,109.2461,80.71,77,52,2.37,broken clouds
304,Hobyo,SO,5.3505,48.5268,82.87,70,12,10.38,few clouds
305,Ixtapa,MX,20.7,-105.2,77.0,69,1,9.22,clear sky
306,Coihaique,CL,-45.5752,-72.0662,50.0,81,75,4.61,broken clouds
307,Kumo,NG,10.0447,11.2122,78.24,68,100,12.88,overcast clouds
308,Narovchat,RU,53.8765,43.6946,46.92,84,100,2.55,heavy intensity rain
309,Henties Bay,NA,-22.116,14.2845,77.58,40,78,13.4,broken clouds
310,Boa Vista,BR,2.8197,-60.6733,82.4,69,40,6.91,scattered clouds
311,Nioro,GM,13.35,-15.75,80.37,34,100,4.23,overcast clouds
312,Jieshi,CN,22.8134,115.8257,72.63,59,94,24.76,overcast clouds
313,Skibbereen,IE,51.55,-9.2667,44.6,100,75,8.05,light rain
314,Paamiut,GL,61.994,-49.6678,13.71,63,0,8.43,clear sky
315,Alaca,TR,40.1683,34.8425,57.13,57,100,9.69,overcast clouds
316,Torit,SS,4.4133,32.5678,72.72,70,100,3.4,overcast clouds
317,Weligama,LK,5.9667,80.4167,77.32,88,99,3.65,overcast clouds
318,Myitkyina,MM,25.3833,97.4,72.9,74,0,1.41,clear sky
319,Bene Ayish,IL,31.7833,34.75,62.01,72,0,5.75,clear sky
320,Pecos,US,31.4229,-103.4932,53.6,43,1,10.36,clear sky
321,Ancud,CL,-41.8697,-73.8203,51.8,100,20,8.05,few clouds
322,Duzce,TR,40.8389,31.1639,57.69,76,100,3.06,overcast clouds
323,Shurob,TJ,40.0491,70.5489,53.33,55,100,13.38,overcast clouds
324,Ukiah,US,39.1502,-123.2078,78.8,17,1,10.36,clear sky
325,Belyy Yar,RU,53.6039,91.3903,26.6,74,0,4.25,clear sky
326,Sao Jose Da Coroa Grande,BR,-8.8978,-35.1478,76.77,84,59,5.66,broken clouds
327,Mountain Home,US,43.133,-115.6912,64.4,12,1,8.01,clear sky
328,Araouane,ML,18.9048,-3.5265,81.82,18,21,8.61,few clouds
329,Holland,US,42.7875,-86.1089,42.01,60,1,4.61,clear sky
330,Concepcion Del Oro,MX,24.6333,-101.4167,71.46,7,7,8.88,clear sky
331,Beloha,MG,-25.1667,45.05,62.13,59,67,6.55,broken clouds
332,Husavik,IS,66.0449,-17.3389,37.4,100,90,5.75,overcast clouds
333,Ulladulla,AU,-35.35,150.4667,64.99,72,90,4.61,overcast clouds
334,Cacador,BR,-26.7753,-51.015,55.89,99,46,1.86,scattered clouds
335,Provideniya,RU,64.3833,-173.3,32.29,90,92,6.17,overcast clouds
336,Khani,GE,41.9563,42.9566,59.0,82,90,10.36,overcast clouds
337,Taoudenni,ML,22.6783,-3.9836,82.2,15,0,8.3,clear sky
338,Souillac,MU,-20.5167,57.5167,75.2,94,40,6.91,light rain
339,Kudahuvadhoo,MV,2.6708,72.8944,82.76,67,50,8.9,scattered clouds
340,Miandrivazo,MG,-19.5167,45.4667,71.29,59,77,1.83,broken clouds
341,Kahului,US,20.8947,-156.47,78.8,65,40,13.8,scattered clouds
342,Vitim,RU,59.4511,112.5578,14.43,79,77,10.16,broken clouds
343,Agirish,RU,61.9247,63.0231,16.92,86,100,11.7,overcast clouds
344,Port Hedland,AU,-20.3167,118.5667,86.0,21,0,20.71,clear sky
345,Cayenne,GF,4.9333,-52.3333,81.0,74,96,6.91,overcast clouds
346,Shache,CN,38.4167,77.2406,58.23,41,100,4.92,overcast clouds
347,Saquena,PE,-4.6667,-73.5167,72.14,97,86,2.3,overcast clouds
348,Petropavlovsk-Kamchatskiy,RU,53.0452,158.6483,50.0,34,100,8.95,overcast clouds
349,Batemans Bay,AU,-35.7167,150.1833,66.0,63,7,1.01,clear sky
350,Zaysan,KZ,47.4667,84.8667,50.11,66,10,1.57,clear sky
351,Tautira,PF,-17.7333,-149.15,87.8,62,20,11.5,few clouds
352,Hirara,JP,24.8,125.2833,71.6,53,20,20.71,few clouds
353,Ambon,ID,-3.6954,128.1814,84.2,74,40,3.44,scattered clouds
354,Hovd,MN,48.0056,91.6419,45.97,40,2,5.32,clear sky
355,Bayeux,BR,-7.125,-34.9322,73.4,100,0,5.75,clear sky
356,Ibimirim,BR,-8.5406,-37.6903,71.49,86,96,5.82,overcast clouds
357,Olinda,BR,-8.0089,-34.8553,73.4,88,75,1.14,broken clouds
358,Geraldton,AU,-28.7667,114.6,73.4,33,0,4.61,clear sky
359,Am Timan,TD,11.0297,20.2827,84.15,10,100,7.34,overcast clouds
360,Sembe,CG,1.6481,14.5806,71.28,89,100,2.13,overcast clouds
361,Axim,GH,4.8699,-2.2405,80.35,81,100,6.64,overcast clouds
362,Thinadhoo,MV,0.5333,72.9333,82.35,61,63,4.7,broken clouds
363,Lavrentiya,RU,65.5833,-171.0,31.93,87,59,10.2,broken clouds
364,San Policarpo,PH,12.1791,125.5072,77.36,93,100,28.01,heavy intensity rain
365,Shingu,JP,33.7333,135.9833,53.6,58,75,19.57,broken clouds
366,Mingyue,CN,43.1069,128.9217,48.24,39,4,10.96,clear sky
367,Salalah,OM,17.0151,54.0924,77.0,50,0,3.44,clear sky
368,Teknaf,BD,20.8624,92.3058,78.39,68,0,3.44,clear sky
369,Oshikango,NA,-17.4,15.8833,66.2,59,88,3.44,overcast clouds
370,Carballo,ES,43.213,-8.691,44.6,76,0,1.14,clear sky
371,Pontianak,ID,-0.0333,109.3333,77.0,94,75,4.61,light rain
372,Rio Grande,BR,-32.035,-52.0986,64.99,94,0,10.25,clear sky
373,Codrington,AU,-38.2667,141.9667,61.99,72,84,10.2,broken clouds
374,Hearst,CA,49.6835,-83.6665,32.0,74,100,2.3,overcast clouds
375,Storforshei,NO,66.4043,14.5233,28.96,80,68,4.27,broken clouds
376,Kazachinskoye,RU,57.6953,93.2761,24.3,71,100,8.46,overcast clouds
377,Jardim,BR,-21.4803,-56.1381,75.9,60,23,2.95,few clouds
378,Amapa,BR,1.0,-52.0,72.73,98,100,4.09,light rain
379,Eyl,SO,7.9803,49.8164,82.24,64,98,10.47,overcast clouds
380,Buala,SB,-8.145,159.5921,85.86,67,97,6.33,overcast clouds
381,Kouroussa,GN,10.65,-9.8833,76.86,74,100,4.23,overcast clouds
382,Eenhana,NA,-17.4667,16.3333,66.2,59,17,3.44,few clouds
383,Northam,GB,51.0333,-4.2167,39.0,18,100,1.01,overcast clouds
384,Kiama,AU,-34.6833,150.8667,70.0,65,12,4.0,few clouds
385,Meulaboh,ID,4.1363,96.1285,78.76,83,87,3.83,overcast clouds
386,Verkhnevilyuysk,RU,63.4453,120.3167,14.02,83,100,12.53,overcast clouds
387,Necochea,AR,-38.5473,-58.7368,64.0,93,42,4.0,scattered clouds
388,Los Llanos De Aridane,ES,28.6585,-17.9182,68.0,68,40,13.8,scattered clouds
389,Taksimo,RU,56.3444,114.8794,28.85,54,100,9.31,overcast clouds
390,Shetpe,KZ,44.1667,52.1167,60.28,38,100,4.18,overcast clouds
391,Markova,UA,48.6758,24.4138,38.28,92,99,2.68,overcast clouds
392,Anadyr,RU,64.75,177.4833,26.6,93,90,11.18,snow
393,Vanimo,PG,-2.6741,141.3028,84.69,65,96,4.92,overcast clouds
394,Festus,US,38.2206,-90.396,52.0,81,51,5.39,broken clouds
395,Sri Aman,MY,1.2376,111.4621,71.6,100,40,2.19,heavy intensity rain
396,Girne,CY,35.3417,33.3167,68.0,40,0,4.61,clear sky
397,Dhuburi,IN,26.0333,89.9667,72.91,77,0,10.51,clear sky
398,Awjilah,LY,29.1081,21.2869,77.85,30,80,12.46,broken clouds
399,Ginir,ET,7.1333,40.7,57.85,82,94,4.14,light rain
400,Huarmey,PE,-10.0681,-78.1522,68.79,86,95,7.56,overcast clouds
401,Chauk,MM,20.8833,94.8167,84.04,45,5,2.82,clear sky
402,Xinqing,CN,48.2333,129.5,47.44,59,6,4.09,clear sky
403,Varhaug,NO,58.6147,5.6457,37.0,87,0,1.14,clear sky
404,Cam Ranh,VN,11.9214,109.1591,84.2,61,20,4.61,few clouds
405,Surgut,RU,61.25,73.4167,8.6,78,0,8.95,clear sky
406,Aasiaat,GL,68.7098,-52.8699,6.4,92,100,9.57,overcast clouds
407,Zelenets,RU,61.8849,50.7489,28.4,74,75,13.42,broken clouds
408,Gold Coast,AU,-28.0,153.4333,75.0,56,0,13.8,clear sky
409,Christchurch,NZ,-43.5333,172.6333,66.2,42,0,6.91,clear sky
410,Raton,US,36.9034,-104.4391,33.8,75,90,7.18,overcast clouds
411,College,US,64.8569,-147.8028,53.6,30,1,8.05,clear sky
412,Derzhavinsk,KZ,51.1,66.3167,46.72,78,12,4.76,few clouds
413,Topolobampo,MX,25.6,-109.05,82.4,28,1,4.61,clear sky
414,Osakarovka,KZ,50.565,72.5692,41.88,75,7,0.81,clear sky
415,San Carlos De Bariloche,AR,-41.1456,-71.3082,59.0,44,75,9.22,broken clouds
416,Klaksvik,FO,62.2266,-6.589,46.4,87,100,31.07,light intensity drizzle
417,Qazanbulaq,AZ,40.6192,46.6519,60.8,63,40,4.61,scattered clouds
418,Xinzhou,CN,38.4092,112.7333,53.65,18,0,1.81,clear sky
419,Trincomalee,LK,8.5711,81.2335,79.34,80,95,6.11,overcast clouds
420,Mana,GF,5.6592,-53.7767,78.51,78,57,12.8,broken clouds
421,Kamenka,RU,51.3223,42.7678,41.56,86,0,3.27,clear sky
422,Colares,PT,38.7992,-9.4469,59.0,72,100,5.99,overcast clouds
423,Ulcinj,ME,41.9294,19.2244,37.99,96,100,5.32,overcast clouds
424,Linxia,CN,35.6003,103.2064,50.58,39,0,1.1,clear sky
425,Vostok,RU,46.4856,135.8833,46.94,41,0,5.61,clear sky
426,San Pedro De Macoris,DO,18.4616,-69.2972,80.01,88,40,4.61,scattered clouds
427,Nowe Miasto Lubawskie,PL,53.4208,19.5952,43.0,91,100,7.29,overcast clouds
428,Kaili,ID,-3.4626,120.2147,76.03,71,60,2.51,broken clouds
429,Parkes,AU,-33.1333,148.1833,60.84,36,2,5.53,clear sky
430,Saint-Prosper,CA,46.2117,-70.4811,39.2,75,100,4.61,overcast clouds
431,Bengkulu,ID,-3.8004,102.2655,77.16,83,98,3.18,overcast clouds
432,Sai Buri,TH,6.7013,101.6168,82.4,78,20,5.75,few clouds
433,Bogorodskoye,RU,56.55,37.8833,40.24,76,8,11.25,clear sky
434,Gorin,RU,51.1983,136.6669,44.65,74,43,3.85,scattered clouds
435,Phangnga,TH,8.4509,98.5298,86.0,89,20,3.44,few clouds
436,Shimoda,JP,34.6667,138.95,64.0,51,20,21.85,few clouds
437,Jasper,US,37.2001,-94.3502,48.99,76,75,6.91,broken clouds
438,Yangjiang,CN,21.85,111.9667,73.02,82,100,11.92,overcast clouds
439,Hwange,ZW,-18.3693,26.5019,59.02,69,6,4.43,clear sky
440,Keetmanshoop,NA,-26.5833,18.1333,69.8,40,21,10.36,few clouds
441,Angoche,MZ,-16.2325,39.9086,75.63,60,97,14.54,overcast clouds
442,Tevriz,RU,57.509,72.4042,35.11,83,100,6.15,overcast clouds
443,Fort Nelson,CA,58.8053,-122.7002,42.8,81,90,5.75,light snow
444,Saint-Georges,GD,12.0564,-61.7485,80.6,78,20,17.27,few clouds
445,Tanete,ID,-3.9443,119.7848,84.4,66,48,3.51,scattered clouds
446,Dire,ML,12.2833,-10.9667,83.39,50,92,4.16,overcast clouds
447,Pyay,MM,18.8167,95.2167,83.3,57,2,3.24,clear sky
448,Qandala,SO,11.472,49.8728,80.15,67,0,6.4,clear sky
449,Afogados Da Ingazeira,BR,-7.7508,-37.6392,70.72,82,100,3.24,overcast clouds
450,Grindavik,IS,63.8424,-22.4338,35.6,80,75,18.41,light rain
451,Laubach,DE,50.542,8.9903,44.01,75,100,2.17,overcast clouds
452,Barcelos,PT,41.5388,-8.6151,54.0,81,0,3.6,clear sky
453,Puerto Baquerizo Moreno,EC,-0.9,-89.6,76.89,87,38,3.47,scattered clouds
454,Mitsamiouli,KM,-11.3847,43.2844,80.71,76,32,15.23,scattered clouds
455,Rawson,AR,-43.3002,-65.1023,60.85,65,90,18.75,overcast clouds
456,Antofagasta,CL,-23.65,-70.4,60.8,82,0,5.75,clear sky
457,Gayny,RU,60.3071,54.3241,27.73,74,70,9.89,broken clouds
458,Thanh Hoa,VN,19.8,105.7667,73.29,84,100,2.39,overcast clouds
459,Tulum,MX,20.2167,-87.4667,82.0,83,40,10.36,scattered clouds
460,Grand Haven,US,43.0631,-86.2284,43.0,70,40,3.44,scattered clouds
461,Chiplun,IN,17.5333,73.5167,76.15,71,1,0.78,clear sky
462,Minuri,PH,16.535,121.8574,77.59,78,100,6.06,overcast clouds
463,Aswan,EG,24.0934,32.907,75.79,23,0,7.54,clear sky
464,Longhua,CN,23.6137,114.1919,73.26,74,100,1.7,overcast clouds
465,Xiuyan,CN,40.2928,123.2744,53.06,36,0,4.07,clear sky
466,Richards Bay,ZA,-28.783,32.0377,60.35,75,0,10.22,clear sky
467,Tonantins,BR,-2.8731,-67.8022,73.29,99,100,1.5,light rain
468,Sinnamary,GF,5.3833,-52.95,78.93,76,65,14.29,broken clouds
469,Bac Lieu,VN,9.285,105.7244,83.1,70,100,3.53,overcast clouds
470,Bentiu,SS,9.2333,29.8333,83.35,19,81,2.37,broken clouds
471,San Isidro,PE,-12.1167,-77.05,68.0,77,0,11.5,clear sky
472,Phan Thiet,VN,10.9333,108.1,81.68,66,84,3.15,broken clouds
473,Bongandanga,CD,1.5,21.05,70.57,94,100,3.15,overcast clouds
474,Pontal Do Parana,BR,-25.6533,-48.5128,60.01,99,100,4.61,overcast clouds
475,Sola,VU,-13.8833,167.55,89.6,70,75,4.61,broken clouds
476,Caravelas,BR,-17.7125,-39.2481,73.78,78,77,5.99,broken clouds
477,Churapcha,RU,62.0025,132.4325,23.49,69,100,13.58,overcast clouds
478,Kargasok,RU,59.0556,80.8572,22.53,73,99,13.27,overcast clouds
479,Troitskoye,RU,52.9821,84.6757,32.34,84,100,5.86,overcast clouds
480,Chabahar,IR,25.2919,60.643,79.48,61,10,7.11,clear sky
481,Fantanele,RO,46.1167,21.4,43.0,93,40,3.44,light intensity drizzle
482,Sault Sainte Marie,CA,46.5168,-84.3333,33.8,75,75,8.05,broken clouds
483,Plettenberg Bay,ZA,-34.0527,23.3716,66.99,38,0,3.4,clear sky
484,Dicabisagan,PH,17.0818,122.4157,80.11,75,100,15.14,overcast clouds
485,Waipawa,NZ,-41.4122,175.5153,64.4,52,2,9.22,clear sky
486,Lunglei,IN,22.8833,92.7333,70.36,50,0,1.77,clear sky
487,Okha,RU,53.5739,142.9478,34.84,96,72,6.38,broken clouds
488,Kuliyapitiya,LK,7.4688,80.0401,78.8,89,20,3.44,few clouds
489,Vikravandi,IN,12.0333,79.55,81.61,75,27,7.65,scattered clouds
490,Mandalgovi,MN,45.7625,106.2708,49.87,14,20,16.58,few clouds
491,Waddan,LY,29.1614,16.139,76.21,36,100,4.56,overcast clouds
492,Taltal,CL,-25.4,-70.4833,64.67,78,11,5.46,few clouds
493,Qui Nhon,VN,13.7667,109.2333,80.08,66,34,5.06,scattered clouds
494,Palmas,BR,-10.2128,-48.3603,77.0,100,40,2.3,moderate rain
495,Sidney,AU,-33.8679,151.2073,66.2,55,40,4.61,scattered clouds
496,Kita,ML,13.0349,-9.4895,83.71,46,96,3.94,overcast clouds
497,Pangnirtung,CA,66.1451,-65.7125,-0.29,90,24,7.96,few clouds
498,Coahuayana,MX,18.7333,-103.6833,78.8,29,1,11.5,clear sky
499,Loandjili,CG,-4.7561,11.8578,77.0,88,40,3.44,scattered clouds
500,Olafsvik,IS,64.8945,-23.7142,36.97,63,100,15.82,overcast clouds
501,Santa Isabel Do Rio Negro,BR,-0.4139,-65.0192,74.37,97,100,2.39,overcast clouds
502,Lazaro Cardenas,MX,17.9583,-102.2,78.31,62,0,8.99,clear sky
503,Flinders,AU,-34.5833,150.8552,70.0,65,10,4.0,clear sky
504,Yulara,AU,-25.2406,130.9889,66.2,34,0,16.11,clear sky
505,San Luis,AR,-33.295,-66.3356,69.48,61,57,5.57,broken clouds
506,Natal,BR,-5.795,-35.2094,77.0,94,75,6.91,broken clouds
507,Homer,US,59.6425,-151.5483,51.8,43,1,4.61,clear sky
508,Dawlatabad,AF,36.4141,64.9053,59.4,54,48,4.36,scattered clouds
509,Viedma,AR,-40.8135,-62.9967,60.19,93,49,11.12,scattered clouds
510,Gopalpur,IN,19.2667,84.9167,80.19,83,0,13.89,clear sky
511,Sadao,TH,6.6388,100.4234,82.4,100,40,3.44,scattered clouds
512,Huari,PE,-9.3333,-77.2333,45.23,86,100,3.36,light rain
513,Hue,VN,16.4667,107.6,80.6,78,20,2.3,few clouds
514,Luderitz,NA,-26.6481,15.1594,77.83,38,7,7.94,clear sky
515,Tiarei,PF,-17.5333,-149.3333,87.8,62,20,11.5,light rain
516,Lufilufi,WS,-13.8745,-171.5986,86.0,89,75,8.05,light rain
517,Ugoofaaru,MV,5.6667,73.0,83.44,72,78,8.88,broken clouds
518,Kashi,CN,39.4547,75.9797,59.0,26,40,4.47,scattered clouds
519,Maceio,BR,-9.6658,-35.7353,73.4,94,75,10.36,light rain
520,Matao,BR,-21.6033,-48.3658,65.43,90,94,1.99,overcast clouds
521,Remedios,CU,22.4947,-79.5458,78.8,78,20,6.91,few clouds
522,Monterrey,MX,25.6667,-100.3167,60.8,63,90,9.22,overcast clouds
523,Sao Joao Da Barra,BR,-21.6403,-41.0511,75.27,82,100,13.33,overcast clouds
524,Saint-Augustin,CA,51.226,-58.6502,32.31,78,13,15.64,few clouds
525,Finnsnes,NO,69.2296,17.9811,26.6,93,85,3.74,overcast clouds
526,Jensen Beach,US,27.2545,-80.2298,82.4,51,1,9.22,clear sky
527,Santa Rosa,PH,14.3122,121.1114,88.0,51,75,5.75,broken clouds
528,Kurumkan,RU,54.3,110.3,33.66,44,58,12.59,broken clouds
529,Oranjemund,NA,-28.55,16.4333,73.33,41,5,5.19,clear sky
530,High Level,CA,58.5169,-117.136,44.6,42,75,12.66,broken clouds
531,Elmira,US,42.0898,-76.8077,44.6,93,90,3.13,overcast clouds
532,Komsomolskiy,UZ,40.4272,71.7189,59.0,36,100,6.91,overcast clouds
533,Vila Franca Do Campo,PT,37.7167,-25.4333,62.6,100,75,6.91,broken clouds
534,Miri,MY,4.4148,114.0089,80.6,89,40,4.61,scattered clouds
535,Oksfjord,NO,70.2396,22.3479,33.8,86,0,4.61,clear sky
536,Port Augusta,AU,-32.5,137.7667,64.0,72,90,11.5,overcast clouds
537,Gemena,CD,3.25,19.7667,70.59,96,98,2.98,overcast clouds
538,Cozumel,MX,20.5083,-86.9458,82.0,83,40,10.36,scattered clouds
539,Beaverlodge,CA,55.2166,-119.4361,59.0,36,75,24.16,broken clouds
540,Grenada,ES,37.1882,-3.6067,48.0,87,0,1.39,clear sky
541,Yerbogachen,RU,61.2767,108.0108,9.91,72,93,12.41,overcast clouds
542,Kasama,ZM,-10.2129,31.1808,58.15,88,98,6.87,overcast clouds
543,Camapua,BR,-19.5314,-54.0439,70.3,77,46,0.92,scattered clouds
544,Pasaje,EC,-3.3333,-79.8167,80.6,83,75,2.3,light rain
545,Lisala,CD,2.15,21.5167,69.42,96,100,2.01,overcast clouds
546,Rabo De Peixe,PT,37.8,-25.5833,62.6,100,75,8.05,broken clouds
547,Uitenhage,ZA,-33.7576,25.3971,53.6,94,0,5.75,clear sky
548,Nara,JP,34.6851,135.8049,57.2,54,20,17.27,few clouds
549,Whitecourt,CA,54.1502,-115.6855,64.4,22,90,10.36,overcast clouds
550,Santa Ana,US,33.7456,-117.8678,73.0,63,20,5.75,few clouds
551,Abu Dhabi,AE,24.4667,54.3667,73.4,68,0,3.44,clear sky
552,Pimenta Bueno,BR,-11.6725,-61.1936,72.73,96,100,3.83,moderate rain
553,Qobustan,AZ,40.0824,49.412,48.2,87,0,2.3,clear sky
554,Mogadishu,SO,2.0371,45.3438,82.72,72,19,9.19,few clouds
555,Tarko-Sale,RU,64.9225,77.785,-7.69,97,49,9.82,scattered clouds
556,General Pico,AR,-35.6566,-63.7568,69.53,68,62,11.34,moderate rain
557,San Lorenzo,PY,-25.3333,-57.5333,73.4,83,0,3.44,clear sky
558,Annau,TM,37.8876,58.516,59.0,44,0,6.91,clear sky
559,Maragogi,BR,-9.0122,-35.2225,76.53,84,76,5.23,broken clouds
560,Altamont,US,42.2068,-121.7372,68.0,15,1,5.75,clear sky
561,Luganville,VU,-15.5333,167.1667,84.63,72,93,7.81,overcast clouds
562,Bilma,NE,18.6853,12.9164,85.41,8,100,7.52,overcast clouds
563,Mulege,MX,26.8833,-111.9833,76.64,34,0,5.19,clear sky
564,Prado,BR,-17.3411,-39.2208,75.06,78,13,7.36,few clouds
565,Potosi,BO,-19.5836,-65.7531,47.07,66,0,4.54,clear sky
566,Gamboma,CG,-1.8764,15.8644,73.62,87,100,2.15,overcast clouds
567,Bealanana,MG,-14.55,48.7333,64.94,98,100,3.15,overcast clouds
568,Deputatskiy,RU,69.3,139.9,17.17,71,100,17.58,overcast clouds
569,Bullhead City,US,35.1478,-114.5683,77.0,12,1,19.57,clear sky
570,Alyangula,AU,-13.8483,136.4192,86.0,54,100,9.22,overcast clouds
571,Hualmay,PE,-11.0964,-77.6139,68.0,87,74,7.25,broken clouds
572,Pangody,RU,65.85,74.4859,-8.32,98,53,8.3,broken clouds
573,Adre,TD,13.4667,22.2,74.01,10,100,10.56,overcast clouds
574,Hudiksvall,SE,61.729,17.1036,37.09,68,7,4.7,clear sky
575,Ler,SS,8.3018,30.1418,83.77,41,82,4.72,broken clouds
576,Imbituba,BR,-28.24,-48.6703,69.8,88,75,5.75,broken clouds
577,Huron,US,41.1501,-82.5499,43.0,78,100,3.71,overcast clouds
578,Yar-Sale,RU,66.8333,70.8333,-7.06,98,29,9.82,scattered clouds
579,Solnechnyy,RU,50.7214,136.6319,45.66,69,8,3.06,clear sky
580,Antsohihy,MG,-14.8796,47.9875,73.22,96,100,3.04,overcast clouds
581,Butembo,CD,0.15,29.2833,58.91,84,31,3.71,scattered clouds
582,Asyut,EG,27.181,31.1837,73.4,33,0,3.44,clear sky
583,Porto Novo,BJ,6.4965,2.6036,84.2,84,40,10.36,scattered clouds
584,Burnie,AU,-41.0667,145.9167,60.01,68,28,8.01,scattered clouds
585,Carnot,CF,4.9409,15.8665,70.14,91,100,3.15,overcast clouds
586,Santa Catarina De Tepehuanes,MX,25.35,-105.7333,66.81,21,0,17.87,clear sky
587,Korla,CN,41.7597,86.1469,62.38,22,99,11.41,overcast clouds
588,Kapuskasing,CA,49.4169,-82.4331,44.6,45,100,5.75,overcast clouds
589,Olcea,RO,46.6833,21.9833,45.0,76,90,2.3,light rain
590,Haverhill,US,42.7762,-71.0773,43.0,87,16,2.24,few clouds
591,Sobolevo,RU,54.4299,31.8996,45.27,84,100,13.04,overcast clouds
592,Southbridge,US,42.0751,-72.0334,44.01,81,97,2.77,overcast clouds
593,Umm Kaddadah,SD,13.6017,26.6876,74.8,8,25,13.49,scattered clouds
594,Raga,SS,8.4596,25.678,76.96,24,100,2.53,overcast clouds
595,Domoni,KM,-12.2569,44.5319,79.93,79,92,12.53,overcast clouds
596,Nyrob,RU,60.733,56.7202,25.32,81,48,11.25,scattered clouds
597,San Vicente,AR,-26.6167,-54.1333,62.22,81,13,3.62,few clouds
598,Belebey,RU,54.1167,54.1167,38.64,66,0,7.78,clear sky
599,Raudeberg,NO,61.9875,5.1352,42.01,64,0,8.43,clear sky
600,George Town,MY,5.4112,100.3354,84.2,83,20,2.3,few clouds
601,Port Macquarie,AU,-31.4333,152.9167,69.01,63,57,1.01,broken clouds
602,Nouakchott,MR,18.0858,-15.9785,71.6,78,0,14.97,clear sky
603,Kaeo,NZ,-35.1,173.7833,66.99,59,98,3.15,overcast clouds
604,Ranot,TH,7.7777,100.3213,82.02,72,94,4.72,overcast clouds
605,Janoshaza,HU,47.1194,17.165,42.8,81,75,2.3,broken clouds
606,Talcahuano,CL,-36.7167,-73.1167,57.2,88,90,5.75,overcast clouds
607,Sambava,MG,-14.2667,50.1667,75.65,87,68,5.39,light rain
608,Puerto Rico,AR,-26.796,-55.024,67.93,80,13,3.27,few clouds
609,Alegrete,BR,-29.7831,-55.7919,67.93,77,93,8.61,overcast clouds
610,Sechelt,CA,49.4664,-123.7694,66.99,59,0,3.44,clear sky
611,Pocone,BR,-16.2567,-56.6228,72.59,90,4,5.57,clear sky
612,Lata,PT,40.1629,-8.3327,55.99,81,100,2.51,overcast clouds
613,Kalabo,ZM,-14.97,22.6814,62.15,56,1,7.0,clear sky
614,Egvekinot,RU,66.3167,-179.1667,28.02,99,100,12.46,snow
615,Touba,CI,8.2833,-7.6833,69.4,84,97,1.66,overcast clouds
616,Rebrikha,RU,53.0733,82.3408,35.42,75,98,6.91,overcast clouds
617,Troitsko-Pechorsk,RU,62.7084,56.1964,23.95,88,100,9.06,overcast clouds
618,Bud,US,39.447,-86.1758,55.4,41,1,10.36,clear sky
619,Myrtle Beach,US,33.6891,-78.8867,64.4,68,1,10.36,clear sky
620,Yantongshan,CN,43.2919,126.0094,47.1,54,7,6.44,clear sky
621,Kiruna,SE,67.8557,20.2251,23.0,86,6,5.75,clear sky
622,Kropotkin,RU,45.4375,40.5756,47.66,92,100,6.6,light rain
623,Matara,LK,5.9485,80.5353,77.27,88,100,4.45,overcast clouds
624,Birecik,TR,37.0294,37.9903,57.2,72,0,1.66,clear sky
625,La Victoria,VE,10.2184,-67.3302,82.4,78,40,5.75,scattered clouds
626,Odweyne,SO,9.4092,45.064,71.56,65,6,5.77,light rain
627,Bemidji,US,47.4736,-94.8803,48.99,39,1,6.91,clear sky
628,Dordrecht,NL,51.81,4.6736,43.0,89,82,1.01,broken clouds
629,Kathu,TH,7.9178,98.3332,86.0,94,20,1.14,few clouds
630,Kondopoga,RU,62.2057,34.2614,28.4,80,12,2.24,few clouds
631,Farafangana,MG,-22.8167,47.8333,65.73,65,91,8.97,overcast clouds
632,Roebourne,AU,-20.7833,117.1333,85.66,35,0,16.42,clear sky
633,Atikokan,CA,48.7555,-91.6216,40.57,67,90,4.23,overcast clouds
634,Pundaguitan,PH,6.3711,126.1689,83.55,72,100,9.82,overcast clouds
635,Port Shepstone,ZA,-30.7414,30.455,61.39,81,55,11.99,broken clouds
636,Amahai,ID,-3.3333,128.9167,83.62,70,100,3.4,light rain
637,Manokwari,ID,-0.8667,134.0833,81.82,71,100,1.95,overcast clouds
638,Itacarambi,BR,-15.1022,-44.0919,75.07,42,76,3.67,broken clouds
639,Kashary,RU,49.04,41.0056,43.36,72,18,2.89,few clouds
640,Honningsvag,NO,70.9821,25.9704,36.12,79,55,16.2,broken clouds
641,Svetlaya,RU,46.5389,138.3297,40.37,79,100,15.88,overcast clouds
642,Melong,CM,5.1218,9.9614,68.47,98,100,1.68,heavy intensity rain
643,Yumen,CN,40.2833,97.2,55.29,12,100,0.67,overcast clouds
644,Manitouwadge,CA,49.1215,-85.8403,33.8,80,36,2.3,scattered clouds
645,Ust-Ishim,RU,57.6935,71.1665,37.08,74,100,8.84,overcast clouds
646,Zhangjiakou,CN,40.81,114.8794,52.07,19,0,2.21,clear sky
647,Gat,IL,31.61,34.7642,68.0,83,8,1.01,clear sky
648,Chenzhou,CN,25.8,113.0333,63.66,97,100,1.5,overcast clouds
649,Porbandar,IN,21.6422,69.6093,78.01,85,2,6.89,clear sky
650,Sitka,US,57.0531,-135.33,53.6,66,75,2.91,broken clouds
651,Chebsara,RU,59.2002,38.8356,36.18,83,84,6.31,broken clouds
652,San Cristobal,VE,7.7669,-72.225,84.2,61,40,9.22,scattered clouds
653,Periyanegamam,IN,10.7333,77.1,78.8,89,75,6.91,mist
654,Kankaanpaa,FI,61.8,22.4167,33.8,64,0,1.14,clear sky
655,Conde,BR,-7.2597,-34.9075,73.4,100,0,5.75,clear sky
656,Tupik,RU,54.4253,119.9327,42.1,65,100,3.18,overcast clouds
657,Turukhansk,RU,65.8167,87.9833,3.4,83,88,7.96,overcast clouds
658,Ostrogozhsk,RU,50.8664,39.0756,41.27,81,52,3.96,broken clouds
659,Tura,IN,25.5198,90.2201,70.9,78,1,3.69,clear sky
660,Kidal,ML,18.4411,1.4078,85.57,13,100,10.4,overcast clouds
661,Urucui,BR,-7.2294,-44.5561,75.33,84,96,1.01,overcast clouds
662,Mayor Pablo Lagerenza,PY,-19.9309,-60.7718,76.23,74,35,3.22,light rain
663,Katunino,RU,64.3862,40.6298,28.4,86,0,4.47,clear sky
664,Atar,MR,20.5169,-13.0499,74.35,22,0,8.48,clear sky
665,Bella Union,UY,-30.2752,-57.6007,69.84,73,100,6.93,overcast clouds
666,Tjome,NO,59.1109,10.3933,45.0,60,61,5.75,broken clouds
667,Salinopolis,BR,-0.6136,-47.3561,77.76,86,97,10.27,light rain
668,Chegdomyn,RU,51.1167,133.0167,47.44,68,42,1.52,scattered clouds
669,Santa Maria,BR,-29.6842,-53.8069,68.0,83,0,4.61,clear sky
670,Okato,NZ,-39.2,173.8833,57.0,63,100,13.0,overcast clouds
671,Harlingen,US,26.1906,-97.6961,60.8,88,90,12.66,overcast clouds
672,Pipraich,IN,26.8264,83.53,80.13,28,8,2.48,clear sky
673,Karratha,AU,-20.7377,116.8463,86.05,37,0,11.72,clear sky
674,Haines Junction,CA,60.7522,-137.5108,55.4,24,10,6.91,clear sky
675,Guanica,PR,17.9716,-66.908,81.0,85,4,9.08,clear sky
676,Carupano,VE,10.6678,-63.2585,76.96,84,37,9.19,scattered clouds
677,Sarny,UA,51.338,26.6019,37.15,96,11,5.93,few clouds
678,Sukumo,JP,32.9333,132.7333,53.55,55,59,14.47,broken clouds
679,Lasa,IT,46.6166,10.7002,37.0,74,0,6.91,clear sky
680,Kuytun,RU,54.3419,101.5036,23.72,58,6,1.25,clear sky
681,Vidalia,US,32.2177,-82.4135,71.6,56,40,6.91,scattered clouds
682,Santa Rosa Del Sur,CO,7.9644,-74.0544,72.7,87,98,3.67,overcast clouds
683,Vigrestad,NO,58.5667,5.7,37.0,87,0,1.14,clear sky
684,Saint Anthony,US,45.0205,-93.218,54.0,32,90,9.22,overcast clouds
685,Yelizovo,RU,53.1873,158.3805,50.0,34,100,8.95,overcast clouds
686,Marzuq,YE,14.4,46.4667,66.67,40,0,3.38,clear sky
687,Camacha,PT,33.0833,-16.3333,60.8,77,40,8.05,scattered clouds
688,Seoul,KR,37.5683,126.9778,53.6,50,20,9.22,few clouds
689,Senanga,ZM,-16.1167,23.2667,62.06,54,8,8.81,clear sky
